Workbook

Sheet Average cut-rank
A1: Average Rank
B3: =Data!B3 -> Size | C3: =Data!B2 -> C=1, Partition=1/2 | D3: =Data!G2 -> C=2, Partition=1/2 | E3: =Data!L2 -> C=1, Partition=1/3 | F3: =Data!Q2 -> C=2, Partition=1/3
B4: =Data!B4 -> 2 | C4: =Data!D4 -> 0.66 | D4: =Data!I4 -> 1 | E4: =Data!N4 -> 0.66 | F4: =Data!S4 -> 1
B5: =Data!B5 -> 3 | C5: =Data!D5 -> 0.27 | D5: =Data!I5 -> 0.81 | E5: =Data!N5 -> 0.23 | F5: =Data!S5 -> 0.74
B6: =Data!B6 -> 4 | C6: =Data!D6 -> 0.4 | D6: =Data!I6 -> 0.85 | E6: =Data!N6 -> 0.19 | F6: =Data!S6 -> 0.57
B7: =Data!B7 -> 5 | C7: =Data!D7 -> 0.24 | D7: =Data!I7 -> 0.88 | E7: =Data!N7 -> 0.25 | F7: =Data!S7 -> 0.94
B8: =Data!B8 -> 6 | C8: =Data!D8 -> 0.41 | D8: =Data!I8 -> 0.97 | E8: =Data!N8 -> 0.22 | F8: =Data!S8 -> 0.86
B9: =Data!B9 -> 7 | C9: =Data!D9 -> 0.3 | D9: =Data!I9 -> 1.11 | E9: =Data!N9 -> 0.15 | F9: =Data!S9 -> 0.71
B10: =Data!B10 -> 8 | C10: =Data!D10 -> 0.35 | D10: =Data!I10 -> 1.1 | E10: =Data!N10 -> 0.23 | F10: =Data!S10 -> 0.96
B11: =Data!B11 -> 9 | C11: =Data!D11 -> 0.37 | D11: =Data!I11 -> 1.05 | E11: =Data!N11 -> 0.15 | F11: =Data!S11 -> 0.93
B12: =Data!B12 -> 10 | C12: =Data!D12 -> 0.38 | D12: =Data!I12 -> 1.31 | E12: =Data!N12 -> 0.18 | F12: =Data!S12 -> 0.86
B13: =Data!B13 -> 11 | C13: =Data!D13 -> 0.33 | D13: =Data!I13 -> 1.13 | E13: =Data!N13 -> 0.21 | F13: =Data!S13 -> 0.95
B14: =Data!B14 -> 12 | C14: =Data!D14 -> 0.41 | D14: =Data!I14 -> 1.25 | E14: =Data!N14 -> 0.2 | F14: =Data!S14 -> 1.07
B15: =Data!B15 -> 13 | C15: =Data!D15 -> 0.36 | D15: =Data!I15 -> 1.23 | E15: =Data!N15 -> 0.23 | F15: =Data!S15 -> 1.03
... B102: =Data!B102 -> 100 | C102: =Data!D102 -> 1.09 | D102: =Data!I102 -> 6.58 | E102: =Data!N102 -> 0.63 | F102: =Data!S102 -> 5.05

Sheet Execution time
A1: Execution times
B3: =Data!B3 -> Size | C3: =Data!B2 -> C=1, Partition=1/2 | D3: =Data!G2 -> C=2, Partition=1/2 | E3: =Data!L2 -> C=1, Partition=1/3 | F3: =Data!Q2 -> C=2, Partition=1/3
B4: =Data!B4 -> 2 | C4: =Data!E4 -> 0.0090301037 | D4: =Data!J4 -> 0.011366129 | E4: =Data!O4 -> 0.0095825195 | F4: =Data!T4 -> 0.011196375
B5: =Data!B5 -> 3 | C5: =Data!E5 -> 0.013478041 | D5: =Data!J5 -> 0.019794703 | E5: =Data!O5 -> 0.0076489449 | F5: =Data!T5 -> 0.011266947
B6: =Data!B6 -> 4 | C6: =Data!E6 -> 0.016100883 | D6: =Data!J6 -> 0.019577026 | E6: =Data!O6 -> 0.0087895393 | F6: =Data!T6 -> 0.011222601
B7: =Data!B7 -> 5 | C7: =Data!E7 -> 0.017351627 | D7: =Data!J7 -> 0.025673628 | E7: =Data!O7 -> 0.017608643 | F7: =Data!T7 -> 0.025501966
B8: =Data!B8 -> 6 | C8: =Data!E8 -> 0.02660346 | D8: =Data!J8 -> 0.036458492 | E8: =Data!O8 -> 0.019477367 | F8: =Data!T8 -> 0.027114868
B9: =Data!B9 -> 7 | C9: =Data!E9 -> 0.036361694 | D9: =Data!J9 -> 0.058405876 | E9: =Data!O9 -> 0.021810293 | F9: =Data!T9 -> 0.028506279
B10: =Data!B10 -> 8 | C10: =Data!E10 -> 0.044343472 | D10: =Data!J10 -> 0.062252522 | E10: =Data!O10 -> 0.035199881 | F10: =Data!T10 -> 0.04830265
B11: =Data!B11 -> 9 | C11: =Data!E11 -> 0.048919678 | D11: =Data!J11 -> 0.067925692 | E11: =Data!O11 -> 0.037616968 | F11: =Data!T11 -> 0.051758289
B12: =Data!B12 -> 10 | C12: =Data!E12 -> 0.068004131 | D12: =Data!J12 -> 0.09728241 | E12: =Data!O12 -> 0.041897774 | F12: =Data!T12 -> 0.05592823
B13: =Data!B13 -> 11 | C13: =Data!E13 -> 0.079967737 | D13: =Data!J13 -> 0.12173057 | E13: =Data!O13 -> 0.059040308 | F13: =Data!T13 -> 0.082072258
B14: =Data!B14 -> 12 | C14: =Data!E14 -> 0.092210054 | D14: =Data!J14 -> 0.12952876 | E14: =Data!O14 -> 0.063706875 | F14: =Data!T14 -> 0.091883898
B15: =Data!B15 -> 13 | C15: =Data!E15 -> 0.099312067 | D15: =Data!J15 -> 0.13838601 | E15: =Data!O15 -> 0.072303295 | F15: =Data!T15 -> 0.10038733
... B102: =Data!B102 -> 100 | C102: =Data!E102 -> 10.428691 | D102: =Data!J102 -> 12.898473 | E102: =Data!O102 -> 9.0075262 | F102: =Data!T102 -> 9.6236782

Sheet Data
B2: C=1, Partition=1/2 | G2: C=2, Partition=1/2 | L2: C=1, Partition=1/3 | Q2: C=2, Partition=1/3
B3: Size | C3: Samples | D3: Avg rank | E3: Seconds | G3: Size | H3: Samples | I3: Avg rank | J3: Seconds | L3: Size | M3: Samples | N3: Avg rank | O3: Seconds | Q3: Size | R3: Samples | S3: Avg rank | T3: Seconds
B4: 2 | C4: 100 | D4: 0.66 | E4: 0.0090301037 | G4: 2 | H4: 100 | I4: 1 | J4: 0.011366129 | L4: 2 | M4: 100 | N4: 0.66 | O4: 0.0095825195 | Q4: 2 | R4: 100 | S4: 1 | T4: 0.011196375
B5: 3 | C5: 100 | D5: 0.27 | E5: 0.013478041 | G5: 3 | H5: 100 | I5: 0.81 | J5: 0.019794703 | L5: 3 | M5: 100 | N5: 0.23 | O5: 0.0076489449 | Q5: 3 | R5: 100 | S5: 0.74 | T5: 0.011266947
B6: 4 | C6: 100 | D6: 0.4 | E6: 0.016100883 | G6: 4 | H6: 100 | I6: 0.85 | J6: 0.019577026 | L6: 4 | M6: 100 | N6: 0.19 | O6: 0.0087895393 | Q6: 4 | R6: 100 | S6: 0.57 | T6: 0.011222601
B7: 5 | C7: 100 | D7: 0.24 | E7: 0.017351627 | G7: 5 | H7: 100 | I7: 0.88 | J7: 0.025673628 | L7: 5 | M7: 100 | N7: 0.25 | O7: 0.017608643 | Q7: 5 | R7: 100 | S7: 0.94 | T7: 0.025501966
B8: 6 | C8: 100 | D8: 0.41 | E8: 0.02660346 | G8: 6 | H8: 100 | I8: 0.97 | J8: 0.036458492 | L8: 6 | M8: 100 | N8: 0.22 | O8: 0.019477367 | Q8: 6 | R8: 100 | S8: 0.86 | T8: 0.027114868
B9: 7 | C9: 100 | D9: 0.3 | E9: 0.036361694 | G9: 7 | H9: 100 | I9: 1.11 | J9: 0.058405876 | L9: 7 | M9: 100 | N9: 0.15 | O9: 0.021810293 | Q9: 7 | R9: 100 | S9: 0.71 | T9: 0.028506279
B10: 8 | C10: 100 | D10: 0.35 | E10: 0.044343472 | G10: 8 | H10: 100 | I10: 1.1 | J10: 0.062252522 | L10: 8 | M10: 100 | N10: 0.23 | O10: 0.035199881 | Q10: 8 | R10: 100 | S10: 0.96 | T10: 0.04830265
B11: 9 | C11: 100 | D11: 0.37 | E11: 0.048919678 | G11: 9 | H11: 100 | I11: 1.05 | J11: 0.067925692 | L11: 9 | M11: 100 | N11: 0.15 | O11: 0.037616968 | Q11: 9 | R11: 100 | S11: 0.93 | T11: 0.051758289
B12: 10 | C12: 100 | D12: 0.38 | E12: 0.068004131 | G12: 10 | H12: 100 | I12: 1.31 | J12: 0.09728241 | L12: 10 | M12: 100 | N12: 0.18 | O12: 0.041897774 | Q12: 10 | R12: 100 | S12: 0.86 | T12: 0.05592823
B13: 11 | C13: 100 | D13: 0.33 | E13: 0.079967737 | G13: 11 | H13: 100 | I13: 1.13 | J13: 0.12173057 | L13: 11 | M13: 100 | N13: 0.21 | O13: 0.059040308 | Q13: 11 | R13: 100 | S13: 0.95 | T13: 0.082072258
B14: 12 | C14: 100 | D14: 0.41 | E14: 0.092210054 | G14: 12 | H14: 100 | I14: 1.25 | J14: 0.12952876 | L14: 12 | M14: 100 | N14: 0.2 | O14: 0.063706875 | Q14: 12 | R14: 100 | S14: 1.07 | T14: 0.091883898
B15: 13 | C15: 100 | D15: 0.36 | E15: 0.099312067 | G15: 13 | H15: 100 | I15: 1.23 | J15: 0.13838601 | L15: 13 | M15: 100 | N15: 0.23 | O15: 0.072303295 | Q15: 13 | R15: 100 | S15: 1.03 | T15: 0.10038733
... B102: 100 | C102: 100 | D102: 1.09 | E102: 10.428691 | G102: 100 | H102: 100 | I102: 6.58 | J102: 12.898473 | L102: 100 | M102: 100 | N102: 0.63 | O102: 9.0075262 | Q102: 100 | R102: 100 | S102: 5.05 | T102: 9.6236782
